DATE,TIME,INCIDENT,OFFENSE,STREET
4/1/17,0207,B17002191,TRAFFIC ACCIDENT - INJURY,LEBO BLVD / REID AVE
4/1/17,0705,B17002192,"VUCSA-POSS - AMPHET, METHAMPHET",WASHINGTON AVE
4/1/17,0806,B17002193,SUSPICIOUS INCIDENT/INVESTIGATION,SIDNEY AVE
4/1/17,1003,B17002194,FOUND PROPERTY,PERRY AVE NE
4/1/17,1053,B17002195,FIR - FIELD INTERVIEW REPORT,E 30TH ST
4/1/17,1200,B17002196,VIOLATION OF VEHICLE IGNITION INTERLOCK,11TH ST
4/1/17,1332,B17002197,VERBAL DISPUTE,PINE RD
4/1/17,1347,B17002198,DEATH (NATURAL/ACCIDENTAL/SUSPICIOUS),KITSAP WAY
4/1/17,1511,B17002201,ASSAULT 4 -,UNION AVE
4/1/17,1637,B17002199,THEFT 3,WHEATON WAY
4/1/17,1647,B17002202,CANCELLED CASE NUMBER,CALLAHAN DR
4/1/17,1642,B17002200,ASSAULT 4 -,6TH ST
4/1/17,1801,B17002203,MENTAL INVESTIGATION,LEBO BLVD
4/1/17,1844,B17002204,INFORMATION ONLY,KITSAP WAY
4/1/17,1844,B17002205,POSSESSING STOLEN PROPERTY 3,KITSAP WAY
4/1/17,2211,B17002206,DOMESTIC VERBAL,PARK AVE
4/1/17,2210,B17002207,RAPE 3 - DV,PENNSYLVANIA AVE
4/1/17,2229,B17002208,NARCOTIC ACTIVITY,N NATIONAL AVE
4/1/17,1207,B17200088,THEFT 3,BURWELL ST
4/2/17,0128,B17002209,FIR - FIELD INTERVIEW REPORT,LEWIS AVE / SAYLES RD
4/2/17,0150,B17002210,CRIMINAL TRESPASS 2,PERRY AVE NE
4/2/17,0334,B17002211,ABANDONED AND/OR VEHICLE IMPOUNDED,11TH ST / NAVAL AVE
4/2/17,1001,B17002212,HIT AND RUN - ATTENDED PROPERTY DAMAGE,6TH ST / WARREN AVE
4/2/17,1014,B17002213,MALICIOUS MISCHIEF 3,BLEDSOE AVE
4/2/17,1027,B17002214,THEFT 3 - BICYCLES,11TH ST / MCKENZIE AVE
4/2/17,1111,B17002215,CRIMINAL TRESPASS 2,DR ML KING WAY
4/2/17,1324,B17002216,ASSAULT 4 -,6TH ST
4/2/17,1459,B17002217,TRAFFIC ACCIDENT,WHEATON WAY
4/2/17,1557,B17002218,FALSE ALARM REPORT,AUSTIN DR
4/2/17,1926,B17002219,ASSAULT 2 - DV,NE RIDDELL RD
4/2/17,2132,B17002220,UNWANTED SUBJECT,WASHINGTON AVE
4/2/17,2129,B17002221,INFORMATION ONLY,SCHLEY BLVD
4/2/17,2304,B17002223,TRESPASS NOTICE,11TH ST / WARREN AVE
4/2/17,2240,B17002222,BURGLARY - RESIDENTIAL,6TH ST
4/3/17,0413,B17002224,CHILD ABANDONMENT / NEGLECT,SHERIDAN RD
4/3/17,0652,B17002225,DEATH (NATURAL/ACCIDENTAL/SUSPICIOUS),SHERIDAN RD
4/3/17,0730,B17002226,DANGEROUS WEAPON VIOLATION,WILBERT AVE
4/3/17,0901,B17002227,LOST PROPERTY,WHEATON WAY
4/3/17,1145,B17002228,FOUND PROPERTY,RAINIER AVE
4/3/17,1235,B17002229,BURGLARY - RESIDENTIAL,PARK AVE
4/3/17,1339,B17002232,BURGLARY - RESIDENTIAL,4TH ST
4/3/17,1418,B17002233,THEFT 3 - FROM BUILDINGS,6TH ST
4/3/17,1303,B17002230,TRESPASS NOTICE,WARREN AVE
4/3/17,1417,B17002234,ASSAULT 4 -,WASHINGTON AVE
4/3/17,1513,B17002236,DOMESTIC VERBAL,E 23RD ST
4/3/17,1106,B17002231,THEFT - TAKING MOTOR VEHICLE W/O OWNER PERMISSION - 2,DIBB ST
4/3/17,1432,B17002235,MENTAL INVESTIGATION,WARREN AVE
4/3/17,1522,B17002237,WARRANT - FELONY,PARK AVE
4/3/17,1438,B17002238,INFORMATION ONLY,SHORE DR
4/3/17,1623,B17002239,TRAFFIC ACCIDENT,6TH ST / WARREN AVE
4/3/17,1657,B17002241,ASSAULT 4 - DV,SPRUCE AVE
4/3/17,1747,B17002242,THEFT - OF MOTOR VEHICLE,WHEATON WAY
4/3/17,1628,B17002240,WARRANT - FELONY,CHARLESTON BLVD
4/3/17,1804,B17002243,FALSE ALARM REPORT,AUSTIN DR
4/3/17,2245,B17002245,DWLS/R 3,AUTO CENTER WAY / W WERNER RD
4/3/17,2027,B17002244,THEFT - OF MOTOR VEHICLE,KITSAP WAY
4/3/17,2300,B17002246,TRESPASS NOTICE,6TH ST
4/4/17,0035,B17002247,TRESPASS NOTICE,WHEATON WAY
4/4/17,0032,B17002248,WARRANT - FELONY,BURWELL ST
4/4/17,0245,B17002249,UNLAWFUL IMPRISONMENT,ACORN ST
4/4/17,0603,B17002250,THEFT - OF MOTOR VEHICLE,DR ML KING WAY
4/4/17,0743,B17002252,ASSAULT 4 -,5TH ST / PARK AVE
4/4/17,0717,B17002251,ASSAULT 4 - DV,RICKEY RD
4/4/17,0835,B17002253,CIVIL,N NATIONAL AVE
4/4/17,0929,B17002254,SUICIDE (ATTEMPT OR THREAT),N NATIONAL AVE
4/4/17,1014,B17002255,THEFT 2,SW IMPERIAL WAY
4/4/17,1102,B17002257,TRAFFIC ACCIDENT,VENETA AVE
4/4/17,1102,B17002258,SEX OFFENDER CONTACT,VENETA AVE
4/4/17,1204,B17002260,BURGLARY - RESIDENTIAL,WHEATON WAY
4/4/17,1241,B17002259,SUSPICIOUS INCIDENT/INVESTIGATION,"XY(119193939,21745348)"
4/4/17,1035,B17002256,THEFT - OF MOTOR VEHICLE,DR ML KING WAY
4/4/17,1316,B17002261,FAILURE TO APPEAR / CONTEMPT OF COURT,BURWELL ST
4/4/17,1348,B17002262,HIT AND RUN - UNATTENDED PROPERTY DAMAGE,N CALLOW AVE
4/4/17,1434,B17002263,THEFT 2,WHEATON WAY
4/4/17,1637,B17002264,FAILURE TO APPEAR / CONTEMPT OF COURT,BURWELL ST
4/4/17,1637,B17002265,FAILURE TO APPEAR / CONTEMPT OF COURT,BURWELL ST
4/4/17,1637,B17002266,FAILURE TO APPEAR / CONTEMPT OF COURT,BURWELL ST
4/4/17,1637,B17002267,FAILURE TO APPEAR / CONTEMPT OF COURT,BURWELL ST
4/4/17,1637,B17002268,FAILURE TO APPEAR / CONTEMPT OF COURT,BURWELL ST
4/4/17,1633,B17002269,TRAFFIC ACCIDENT,6TH ST / NAVAL AVE
4/4/17,1618,B17002270,MALICIOUS MISCHIEF 3,MAPLE ST
4/4/17,1722,B17002272,BURGLARY - RESIDENTIAL,12TH ST
4/4/17,1536,B17002271,MISSING PERSON,6TH ST
4/4/17,2217,B17002273,BURGLARY - RESIDENTIAL,12TH ST
4/4/17,1943,B17002274,DISORDERLY CONDUCT,S CHARLESTON AVE
4/5/17,0441,B17002275,SUICIDE (ATTEMPT OR THREAT),PINE RD
4/5/17,0805,B17002276,FOUND PROPERTY,BURWELL ST
4/5/17,0901,B17002277,SEX OFFENDER CONTACT,6TH ST
4/5/17,0944,B17002279,SUSPICIOUS INCIDENT/INVESTIGATION,NE BARNETT ST / OLYMPUS DR NE
4/5/17,0912,B17002278,VEHICLE PROWLING 2,PERRY AVE NE
4/5/17,1040,B17002280,THEFT 2,TWEED LN NW
4/5/17,1035,B17002281,INFORMATION ONLY,11TH ST / BLOOMINGTON AVE
4/5/17,1035,B17002282,SEX OFFENDER CONTACT,11TH ST / BLOOMINGTON AVE
4/5/17,1123,B17002283,WARRANT - FELONY,8TH ST
4/5/17,1240,B17002285,RUNAWAY,6TH ST
4/5/17,1213,B17002284,VIOLATION OF PROTECTION ORDER,6TH ST
4/5/17,1156,B17002286,FORGERY,COGEAN AVE
4/5/17,0914,B17200089,THEFT 3,VANDALIA AVE
4/5/17,1401,B17002287,TRAFFIC ACCIDENT,KITSAP WAY
4/5/17,1410,B17002289,CRIMINAL TRESPASS 1,BURWELL ST
4/5/17,1432,B17002290,UNWANTED SUBJECT,5TH ST
4/5/17,1417,B17002288,VUCSA-POSS - HEROIN,HIGH AVE
4/5/17,1504,B17002291,VUCSA-POSS - HEROIN,DR ML KING WAY
4/5/17,1617,B17002292,BURGLARY - RESIDENTIAL,RUSSELL RD
4/5/17,1520,B17002294,THEFT 3 - SHOPLIFTING,WHEATON WAY
4/5/17,1445,B17002295,THEFT 3 - SHOPLIFTING,WHEATON WAY
4/5/17,1717,B17002293,NARCOTIC ACTIVITY,SHERIDAN RD
4/5/17,1830,B17002297,INFORMATION ONLY,BURWELL ST
4/5/17,1717,B17002296,HARASSMENT,CHERRY AVE
4/5/17,1830,B17002299,ASSAULT 4 -,6TH ST
4/5/17,1749,B17002298,THEFT - OF MOTOR VEHICLE,AUTO CENTER BLVD
4/5/17,1542,B17002300,FORGERY/COUNTERFEIT (FORGERY OF IDENTITY OBJECT),LEBO BLVD
4/5/17,2027,B17002301,TAMPER WITH FIRE ALARM,WASHINGTON AVE
4/5/17,2300,B17002302,ASSAULT 4 - DV,BURWELL ST
4/5/17,2343,B17002303,SUICIDE (ATTEMPT OR THREAT),WALNUT ST
4/5/17,2245,B17002304,ATTEMPTING TO ELUDE PURSUING POLICE VEHICLE,
4/6/17,0247,B17002305,UNLAWFUL HARBORING OF A MINOR,OLYMPUS DR NE
4/6/17,0710,B17002306,THEFT 3,9TH ST
4/6/17,0741,B17002307,DWLS/R 1,ALMIRA DR / HOLLIS ST
4/6/17,0753,B17002308,WARRANT - MISDEMEANOR,KITSAP WAY
4/6/17,0805,B17002309,"VUCSA-POSS - AMPHET, METHAMPHET",N CALLOW AVE
4/6/17,0848,B17002310,TRAFFIC ACCIDENT,KITSAP WAY / N OYSTER BAY AVE
4/6/17,1118,B17002311,FORGERY,ROCKY POINT RD NW
4/6/17,1146,B17002312,FOUND PROPERTY,5TH ST
4/6/17,1133,B17002313,"VUCSA-DLVR - USE BLDG - AMPHET, METHAMPHET",BLK OF 8TH ST
4/6/17,1123,B17002314,MALICIOUS MISCHIEF 3,5TH ST
4/6/17,1337,B17002315,AGENCY ASSIST,E 13TH ST / SCOTT AVE
4/6/17,1029,B17002316,TRAFFIC ACCIDENT,WARREN AVENUE BRG
4/6/17,1424,B17002318,FOUND PROPERTY,KITSAP WAY
4/6/17,1648,B17002319,THEFT 3,CLARE AVE
4/6/17,1739,B17002320,SUSPICIOUS INCIDENT/INVESTIGATION,AUTO CENTER WAY
4/6/17,1803,B17002322,DISORDERLY CONDUCT,KITSAP WAY
4/6/17,1804,B17002324,ABANDONED JUNK VEHICLE,N CALLOW AVE
4/6/17,1818,B17002325,ASSAULT 4 - DV,12TH ST
4/6/17,1724,B17002321,FALSE OR MISLEADING STATEMNT TO A PUBLIC SERVANT,DR ML KING WAY
4/6/17,1724,B17002323,VIOLATION OF LEGEND DRUG ACT - POSSESSION,6TH ST
4/6/17,1846,B17002326,WARRANT - MISDEMEANOR,CALLAHAN DR
4/6/17,2142,B17002327,WARRANT - MISDEMEANOR,5TH ST
4/6/17,2216,B17002328,WANTED PERSON (OTHER AGENCY WARRANT),WARREN AVE
4/6/17,2355,B17002329,ROBBERY 1,BURWELL ST
4/6/17,2137,B17200090,THEFT 3,GREGORY WAY
4/7/17,0747,B17002330,SUSPICIOUS INCIDENT/INVESTIGATION,4TH ST
4/7/17,0756,B17002331,INFORMATION ONLY,CHESTER AVE
4/7/17,0855,B17002332,VIOLATION OF NO CONTACT ORDER,NAVAL AVE
4/7/17,0935,B17002333,FAILURE TO APPEAR / CONTEMPT OF COURT,BURWELL ST
4/7/17,0935,B17002334,FAILURE TO APPEAR / CONTEMPT OF COURT,BURWELL ST
4/7/17,0935,B17002335,FAILURE TO APPEAR / CONTEMPT OF COURT,BURWELL ST
4/7/17,0951,B17002336,ASSAULT 4 - DV,17TH ST
4/7/17,0945,B17002337,WARRANT - FELONY,ALMIRA DR / SPRUCE AVE
4/7/17,1108,B17002338,TRESPASS NOTICE,W WERNER RD
4/7/17,1120,B17002339,LOST PROPERTY,BURWELL ST
4/7/17,1303,B17002340,FAILURE TO APPEAR / CONTEMPT OF COURT,BURWELL ST
4/7/17,1303,B17002341,FAILURE TO APPEAR / CONTEMPT OF COURT,BURWELL ST
4/7/17,1303,B17002342,FAILURE TO APPEAR / CONTEMPT OF COURT,BURWELL ST
4/7/17,1303,B17002343,FAILURE TO APPEAR / CONTEMPT OF COURT,BURWELL ST
4/7/17,1303,B17002344,FAILURE TO APPEAR / CONTEMPT OF COURT,BURWELL ST
4/7/17,1111,B17002345,TRAFFIC ACCIDENT,KITSAP WAY
4/7/17,1305,B17002346,VIOLATION OF PROTECTION ORDER,MAGNUSON WAY
4/7/17,1236,B17002347,MALICIOUS MISCHIEF 3 - DV,SW BARNEY WHITE RD
4/7/17,1318,B17002348,TRESPASS NOTICE,WHEATON WAY
4/7/17,1302,B17002349,MENTAL INVESTIGATION,HIGHLAND AVE
4/7/17,1356,B17002351,TRAFFIC ACCIDENT,13TH ST / BROADWAY AVE
4/7/17,1333,B17002352,SUICIDE (ATTEMPT OR THREAT),PENNSYLVANIA AVE
4/7/17,1332,B17002350,WARRANT - FELONY,NORTHLAKE WAY NW
4/7/17,1327,B17002354,VIOLATION OF NO CONTACT ORDER,HIGHLAND AVE
4/7/17,1507,B17002353,ASSAULT 4 - DV,HEMLOCK ST
4/7/17,1245,B17200091,THEFT 3,OHIO AVE
4/7/17,1547,B17002355,THEFT 3,SHERIDAN RD / WHEATON WAY
4/7/17,1616,B17002356,TRAFFIC ACCIDENT,BURWELL ST / HIGH AVE
4/7/17,1158,B17002357,THEFT - IDENTITY,KITSAP WAY
4/7/17,1649,B17002358,MENTAL INVESTIGATION,N LAFAYETTE AVE
4/7/17,1724,B17002359,DRIVING UNDER THE INFLUENCE/LIQUOR OR DRUGS,6TH ST
4/7/17,2022,B17002360,THEFT 3,KITSAP WAY
4/7/17,1814,B17002361,RAPE 3,1ST ST / NAVAL AVE
4/7/17,1852,B17002362,THEFT 2,KITSAP WAY
4/7/17,2135,B17002363,SUICIDE (ATTEMPT OR THREAT),PINE RD
4/7/17,2137,B17002364,INFORMATION ONLY,CLARE AVE
4/8/17,0000,B17002365,ASSAULT 4 -,KITSAP WAY
4/8/17,0006,B17002366,VEHICLE PROWL 1,4TH ST / WASHINGTON AVE
4/8/17,0113,B17002367,SUSPICIOUS INCIDENT/INVESTIGATION,HEWITT AVE
4/8/17,0725,B17002368,DOMESTIC VERBAL,APPALOOSA WAY NE
4/8/17,0909,B17002369,FAILURE TO APPEAR / CONTEMPT OF COURT,WARREN AVE
4/8/17,1016,B17002370,WARRANT - MISDEMEANOR,CHERRY AVE
4/8/17,1219,B17002372,FALSE OR MISLEADING STATEMNT TO A PUBLIC SERVANT,FARRAGUT ST / S LAFAYETTE AVE
4/8/17,1258,B17002374,FALSE OR MISLEADING STATEMNT TO A PUBLIC SERVANT,8TH ST
4/8/17,1224,B17002371,TRAFFIC ACCIDENT,BURWELL ST / NAVAL AVE
4/8/17,1258,B17002373,WARRANT - MISDEMEANOR,KITSAP WAY
4/8/17,1502,B17002375,WARRANT - FELONY,OYSTER BAY AVE S
4/8/17,1523,B17002376,VEHICULAR ASSAULT,SHERIDAN RD / WHEATON WAY
4/8/17,1735,B17002379,SEX OFFENDER CONTACT,6TH ST
4/8/17,1653,B17002378,WARRANT - MISDEMEANOR,BURWELL ST / WASHINGTON AVE
4/8/17,1636,B17002377,THEFT - TAKING MOTOR VEHICLE W/O OWNER PERMISSION - 2,BURWELL PL / NAVAL AVE
4/8/17,1854,B17002382,INFORMATION ONLY,ELIZABETH AVE
4/8/17,1827,B17002380,INFORMATION ONLY,EAGLE AVE
4/8/17,1854,B17002381,THEFT 3 - SHOPLIFTING,KITSAP WAY
4/8/17,2011,B17002384,ROAD RAGE,NW GREAVES WAY / OLD FRONTIER RD NW
4/8/17,2041,B17002383,TRAFFIC ACCIDENT,WHEATON WAY
4/8/17,2152,B17002385,THEFT 3 - BICYCLES,KITSAP WAY
4/8/17,2156,B17002386,USE OF DRUG PARAPHERNALIA,4TH ST
4/9/17,0021,B17002388,INFORMATION ONLY,WHEATON WAY
4/9/17,0015,B17002387,DRIVING UNDER THE INFLUENCE/LIQUOR OR DRUGS,WARREN AVE
4/9/17,0250,B17002390,AGENCY ASSIST,LAKEHURST DR
4/9/17,0228,B17002389,PUBLIC NUISANCE,HOUSTON AVE
4/9/17,0321,B17002391,BURGLARY - RESIDENTIAL,N NATIONAL AVE
4/9/17,0852,B17002392,VEHICLE PROWLING 2,VELDEE AVE
4/9/17,0903,B17002393,VEHICLE PROWLING 2,CONCH ST
4/9/17,1257,B17002394,ASSAULT 3,CHERRY AVE
4/9/17,1459,B17002395,DOMESTIC VERBAL,LEBO BLVD
4/9/17,1517,B17002396,VIOLATION OF CIVIL ANTIHARASSMENT ORDER,WRIGHT AVE
4/9/17,1844,B17002401,HIT AND RUN - ATTENDED PROPERTY DAMAGE,2ND ST / WASHINGTON AVE
4/9/17,1758,B17002399,VIOLATION OF CIVIL ANTIHARASSMENT ORDER,E 30TH ST
4/9/17,1758,B17002400,,E 30TH ST
4/9/17,1821,B17002397,THEFT 3,WASHINGTON AVE
4/9/17,1821,B17002398,WARRANT - MISDEMEANOR,6TH ST
4/9/17,1857,B17002402,THEFT 3,6TH ST
4/9/17,1927,B17002403,ASSAULT 4 -,12TH ST
4/9/17,2037,B17002407,HIT AND RUN - INJURY OR DEATH,6TH ST / VENETA AVE
4/9/17,2012,B17002404,ASSAULT 4 -,6TH ST
4/9/17,1901,B17002406,BURGLARY - RESIDENTIAL,6TH ST
4/9/17,2045,B17002405,CRIMINAL TRESPASS 2,6TH ST
4/9/17,1958,B17002408,CANCELLED CASE NUMBER,CLARE AVE
4/9/17,2216,B17002409,INFORMATION ONLY,FITZWATER LN
4/9/17,2323,B17002410,AGENCY ASSIST,S CHARLESTON AVE / PREBLE ST
4/10/17,0044,B17002411,SEX OFFENDER CONTACT,BURWELL ST
4/10/17,0100,B17002412,AGENCY ASSIST,BURWELL ST
4/10/17,0212,B17002413,INFORMATION ONLY,KITSAP WAY
4/10/17,0308,B17002414,TRESPASS NOTICE,6TH ST
4/10/17,0912,B17002416,ASSAULT OF A CHILD 1,BURWELL ST
4/9/17,1542,B17200092,THEFT 3,N WYCOFF AVE
4/9/17,2122,B17200093,THEFT 2,S CONSTITUTION AVE
4/10/17,0728,B17200094,HIT AND RUN - UNATTENDED PROPERTY DAMAGE,TRENTON AVE
4/10/17,0954,B17002417,INFORMATION ONLY,RUSSELL RD
4/10/17,1033,B17002419,FAILURE TO APPEAR / CONTEMPT OF COURT,BURWELL ST
4/10/17,1020,B17002418,BURGLARY 2,MADRONA POINT DR
4/10/17,1044,B17002421,SEX OFFENDER CONTACT,CAMPBELL WAY
4/7/17,1000,B17002415,WAITING FOR CODE,13TH ST
4/10/17,1044,B17002422,WELFARE CHECK,ALMIRA DR
4/10/17,1045,B17002420,AGENCY ASSIST,PARK AVE
4/10/17,1136,B17002423,CRIMINAL TRESPASS 2,WASHINGTON AVE
4/10/17,1203,B17002424,TRESPASS NOTICE,WARREN AVE
4/10/17,1257,B17002425,TRAFFIC ACCIDENT,BRYAN AVE / BURWELL ST
4/10/17,1338,B17002426,POSSESSION OF BURGLARY TOOLS,BURWELL ST
4/10/17,1354,B17002427,FAILURE TO APPEAR / CONTEMPT OF COURT,BURWELL ST
4/10/17,1354,B17002429,THEFT 2,ACORN ST
4/10/17,1307,B17002428,HIT AND RUN - UNATTENDED PROPERTY DAMAGE,9TH ST
4/10/17,1418,B17002430,TRESPASS NOTICE,SYLVAN WAY
4/10/17,1437,B17002431,VEHICLE PROWLING 2,HOMER R JONES DR
4/10/17,1610,B17002432,SUICIDE (ATTEMPT OR THREAT),GREGORY WAY
4/10/17,1625,B17002433,INFORMATION ONLY,WALNUT ST
4/10/17,1620,B17002434,MALICIOUS MISCHIEF 3,NAVAL AVE
4/10/17,1100,B17002435,THEFT 2,6TH ST
4/10/17,1805,B17002436,THEFT 3,AUTO CENTER BLVD
4/10/17,1856,B17002437,INFORMATION ONLY,E 14TH ST
4/10/17,1937,B17002438,TRAFFIC ACCIDENT,ELM ST / HEFNER ST
4/10/17,2046,B17002439,CIVIL,N NATIONAL AVE
4/10/17,2108,B17002441,MALICIOUS MISCHIEF 3 - DV,MAGNUSON WAY
4/10/17,2119,B17002440,RUNAWAY,MARGUERITE AVE
4/10/17,2323,B17002442,CIVIL,KITSAP WAY
4/10/17,2330,B17002444,DOMESTIC VERBAL,EAGLE AVE
4/10/17,2323,B17002443,WANTED PERSON (OTHER AGENCY WARRANT),5TH ST
4/11/17,0202,B17002445,MENTAL INVESTIGATION,5TH ST
4/11/17,0314,B17002446,MENTAL INVESTIGATION,SPRUCE AVE
4/8/17,1752,B17200095,LOST PROPERTY,4th 4TH ST
4/10/17,1919,B17200096,MALICIOUS MISCHIEF 3,PENNSYLVANIA AVE
4/11/17,0811,B17200097,MALICIOUS MISCHIEF 3,PARKSIDE DR
4/11/17,0838,B17002447,ASSAULT 3,KITSAP WAY
4/11/17,0935,B17002448,FALSE OR MISLEADING STATEMNT TO A PUBLIC SERVANT,SYLVAN WAY
4/11/17,1130,B17002449,WARRANT - FELONY,BURWELL ST
4/11/17,1329,B17002451,FOUND PROPERTY,SHERIDAN RD
4/11/17,1302,B17002450,FORGERY,WHEATON WAY
4/11/17,1326,B17002452,THEFT 3 - FROM BUILDINGS,CHERRY AVE
4/11/17,1456,B17002453,ASSAULT 4 - DV,9TH ST
4/11/17,1529,B17002454,INFORMATION ONLY,CHERRY AVE
4/11/17,1531,B17002455,AGENCY ASSIST,DIVISION ST
4/11/17,1651,B17002457,FAILURE TO APPEAR / CONTEMPT OF COURT,BPD
4/11/17,1651,B17002458,FAILURE TO APPEAR / CONTEMPT OF COURT,BPD
4/11/17,1529,B17002456,WARRANT - MISDEMEANOR,E 30TH ST
4/11/17,1421,B17002459,THEFT 3,WHEATON WAY
4/11/17,1703,B17002460,TRAFFIC ACCIDENT,ALMIRA DR / IVY RD
4/11/17,1844,B17002461,VERBAL DISPUTE,HOUSTON AVE
4/11/17,2103,B17002463,CRIMINAL TRESPASS 2,WARREN AVE
4/11/17,2022,B17002462,ASSAULT 3,WARREN AVE
4/11/17,2037,B17002464,THEFT 3,WHEATON WAY
4/11/17,2134,B17002466,SUICIDE (ATTEMPT OR THREAT),PARK AVE
4/11/17,2118,B17002465,DEATH (NATURAL/ACCIDENTAL/SUSPICIOUS),RAINIER AVE
4/12/17,0036,B17002467,HARASSMENT,PLEASANT AVE
4/12/17,0600,B17002468,THEFT - OF MOTOR VEHICLE,VENETA AVE
4/11/17,1741,B17002469,FIR - FIELD INTERVIEW REPORT,WASHINGTON AVE
4/12/17,0853,B17002470,THEFT 3,CHERRY AVE
4/12/17,0958,B17002471,SUSPICIOUS INCIDENT/INVESTIGATION,13TH ST
4/12/17,0928,B17002472,MENTAL INVESTIGATION,CHERRY AVE
4/12/17,1054,B17002473,SUSPICIOUS INCIDENT/INVESTIGATION,PINE RD
4/12/17,1054,B17002474,INFORMATION ONLY,9TH ST
4/12/17,1240,B17002475,HARASSMENT,4TH ST
4/12/17,1226,B17002477,TRAFFIC ACCIDENT,WHEATON WAY
4/12/17,1235,B17002476,THEFT 2,KITSAP WAY
4/12/17,1319,B17002478,ASSAULT 4 -,SCHLEY BLVD / WALNUT ST
4/12/17,1428,B17002479,FAILURE TO APPEAR / CONTEMPT OF COURT,BURWELL ST
4/12/17,1428,B17002480,FAILURE TO APPEAR / CONTEMPT OF COURT,BURWELL ST
4/12/17,1502,B17002482,FAILURE TO APPEAR / CONTEMPT OF COURT,WASHINGTON AVE
4/12/17,1527,B17002484,VLDA-VUCSA - POSS WITHOUT PRESCRIPTION,BURWELL ST
4/12/17,1509,B17002483,TRAFFIC ACCIDENT,BURWELL ST / STATE AVE
4/12/17,1421,B17002481,DRIVING UNDER THE INFLUENCE/LIQUOR OR DRUGS,6TH ST / WARREN AVE
4/12/17,1646,B17002485,TRAFFIC ACCIDENT - INJURY,10TH ST / WARREN AVE
4/12/17,1715,B17002486,TRAFFIC ACCIDENT - INJURY,11TH ST / HIGH AVE
4/12/17,1748,B17002487,WARRANT - MISDEMEANOR,4TH ST
4/12/17,1852,B17002489,ASSAULT 4 -,CHERRY AVE
4/12/17,1939,B17002490,DWLS/R 3,W WERNER RD
4/12/17,1906,B17002488,TRAFFIC ACCIDENT,LEBO BLVD
4/12/17,1743,B17002491,TRAFFIC ACCIDENT,11TH ST / KITSAP WAY
4/12/17,1848,B17002492,CANINE ASSIST (K9),NW BYRON ST / SILVERDALE WAY NW
4/12/17,1914,B17002493,MENTAL INVESTIGATION,BURWELL ST
4/12/17,1858,B17002494,MALICIOUS MISCHIEF 3,15TH ST
4/12/17,2250,B17002495,DOMESTIC VERBAL,NOLLWOOD LN W
4/12/17,2254,B17002496,SUSPICIOUS INCIDENT/INVESTIGATION,WHEATON WAY
4/13/17,0446,B17002497,FIR - FIELD INTERVIEW REPORT,WASHINGTON AVE
4/13/17,0739,B17002498,TRAFFIC ACCIDENT,13TH ST
4/13/17,0757,B17002499,SEX OFFENSE,KITSAP WAY / N OYSTER BAY AVE
4/13/17,0912,B17002500,TRAFFIC ACCIDENT,AUTO CENTER WAY / BRUENN AVE
4/13/17,1006,B17002501,FALSE OR MISLEADING STATEMNT TO A PUBLIC SERVANT,WARREN AVE
4/13/17,1108,B17002503,FAILURE TO APPEAR / CONTEMPT OF COURT,BURWELL ST
4/13/17,1108,B17002504,FAILURE TO APPEAR / CONTEMPT OF COURT,BURWELL ST
4/13/17,1113,B17002505,LOST PROPERTY,CLARE AVE
4/13/17,1000,B17002502,HARASSMENT,13TH ST
4/13/17,1142,B17002506,DOMESTIC VERBAL,WASHINGTON AVE
4/13/17,1245,B17002507,SUSPICIOUS INCIDENT/INVESTIGATION,13TH ST
4/13/17,1219,B17002508,SUSPICIOUS INCIDENT/INVESTIGATION,CHESTER AVE
4/13/17,1240,B17002509,THEFT - OF MOTOR VEHICLE,ALMIRA DR
4/13/17,1442,B17002510,VEHICLE PROWLING 2,FORD AVE
4/13/17,1434,B17002511,CRIMINAL TRESPASS 2,MOUNTAIN VIEW DR
4/13/17,1527,B17002512,FAILURE TO APPEAR / CONTEMPT OF COURT,BURWELL ST
4/13/17,1413,B17002513,VLDA-POSS NO PRESCRIPTION,CHERRY AVE
4/13/17,1614,B17002514,FINANCIAL FRAUD UNLAW POSSES PRODUCT OF INSTRUM OF,5TH ST
4/13/17,1824,B17002515,THEFT 3,TRENTON AVE
4/13/17,1851,B17002516,VIOLATION OF NO CONTACT ORDER,LEBO BLVD
4/13/17,2152,B17002517,MALICIOUS MISCHIEF 3,5TH ST
4/13/17,2211,B17002518,ASSAULT 4 -,BURWELL ST / PACIFIC AVE
4/13/17,2340,B17002519,,HOMER R JONES DR
4/14/17,0051,B17002520,CANINE ASSIST (K9),COUNTRY CLUB WAY SE
4/14/17,0218,B17002521,VEHICLE PROWLING 2,4TH ST
4/14/17,0401,B17002522,UNLAWFUL BUS CONDUCT,WASHINGTON AVE
4/14/17,0401,B17002523,USE OF DRUG PARAPHERNALIA,WASHINGTON AVE
4/14/17,0810,B17002524,HARASSMENT,KITSAP WAY
4/14/17,0948,B17200098,THEFT 3,11TH STREET PL
4/14/17,1011,B17002526,MENTAL INVESTIGATION,MADRONA POINT DR
4/14/17,1106,B17002525,WARRANT - MISDEMEANOR,WHEATON WAY
4/14/17,1214,B17002527,TRAFFIC ACCIDENT,KITSAP WAY / SHOREWOOD DR
4/14/17,1236,B17002528,TRAFFIC ACCIDENT,6TH ST / NAVAL AVE
4/14/17,1555,B17002529,TRAFFIC ACCIDENT - INJURY,AUTO CENTER WAY / BRUENN AVE
4/14/17,1656,B17002530,THEFT 3 - SHOPLIFTING,N CALLOW AVE
4/14/17,1712,B17002531,VIOLATION OF CIVIL ANTIHARASSMENT ORDER,PLEASANT AVE
4/14/17,1726,B17002532,TRAFFIC ACCIDENT - INJURY,WHEATON WAY
4/14/17,1729,B17002533,THEFT 2,E 28TH ST
4/14/17,1838,B17002534,ASSAULT 4 - DV,SPRUCE AVE
4/14/17,2014,B17002535,ASSAULT 4 -,WARREN AVENUE BRG
4/14/17,1938,B17002536,AGENCY ASSIST,HOLLAND RD NW
4/14/17,2235,B17002537,CRIMINAL TRESPASS 2,NE RIDDELL RD
4/14/17,2332,B17002538,CRIMINAL TRESPASS 2,SHERIDAN RD
4/15/17,0211,B17002539,RUNAWAY,SHERIDAN RD
4/15/17,0656,B17002540,VEHICLE PROWLING 2,HIGHLAND AVE
4/15/17,0803,B17002541,HIT AND RUN - UNATTENDED PROPERTY DAMAGE,PINE RD
4/15/17,0830,B17002542,THEFT - OF MOTOR VEHICLE,9TH ST
4/15/17,1035,B17002543,SUSPICIOUS INCIDENT/INVESTIGATION,BURWELL ST
4/15/17,1042,B17002544,SUSPICIOUS INCIDENT/INVESTIGATION,6TH ST / N CALLOW AVE
4/15/17,1254,B17002545,TRESPASS NOTICE,N MONTGOMERY AVE
4/15/17,1457,B17002546,DWLS/R 3,LEBO BLVD / SHERIDAN RD
4/15/17,1500,B17002547,VEHICLE PROWLING 2,4TH ST
4/15/17,2231,B17002548,SEX OFFENDER CONTACT,BURWELL ST
4/15/17,2335,B17002551,BURGLARY - RESIDENTIAL,8TH ST
4/15/17,2355,B17002552,CRIMINAL TRESPASS 2,11TH ST
4/15/17,2256,B17002549,WARRANT - MISDEMEANOR,6TH ST
4/15/17,2339,B17002550,WARRANT - FELONY,CHERRY AVE
4/16/17,0346,B17002553,INFORMATION ONLY,15TH ST / RAINIER AVE
4/16/17,0638,B17002554,THEFT - OF MOTOR VEHICLE,N CHARLESTON AVE
4/16/17,0946,B17002555,TRAFFIC ACCIDENT,LEBO BLVD / OAK ST
4/16/17,0955,B17002556,TRAFFIC ACCIDENT,CHERRY AVE / SHERIDAN RD
4/16/17,1017,B17002557,ASSAULT 2 - DV,MOUNTAIN VIEW DR
4/16/17,1434,B17002558,THEFT 3 - SHOPLIFTING,WHEATON WAY
4/16/17,1626,B17002559,DOMESTIC VERBAL,SAND DOLLAR ST
4/16/17,1638,B17002560,DANGEROUS WEAPON VIOLATION,WHEATON WAY
4/16/17,1745,B17002561,MENTAL INVESTIGATION,PARK AVE
4/16/17,1833,B17002562,ATTEMPTING TO ELUDE PURSUING POLICE VEHICLE,KITSAP WAY / N NATIONAL AVE
4/16/17,1935,B17002563,WANTED PERSON (OTHER AGENCY WARRANT),WALNUT ST
4/16/17,1942,B17002564,VEHICLE PROWLING 2,WHEATON WAY
4/16/17,2056,B17002565,USE OF DRUG PARAPHERNALIA,4TH ST / WARREN AVE
4/16/17,2240,B17002566,DOMESTIC VERBAL,PERRY AVE NE
4/17/17,0012,B17002568,DWLS/R 3,12TH ST / CHESTER AVE
4/16/17,2305,B17002567,ASSAULT 4 - DV,TRENTON AVE
4/17/17,0018,B17002569,SUICIDE (ATTEMPT OR THREAT),LEBO BLVD
4/17/17,0216,B17002571,SUSPICIOUS INCIDENT/INVESTIGATION,6TH ST
4/17/17,0121,B17002570,ASSAULT 4 - DV,15TH ST
4/17/17,0128,B17002572,INFORMATION ONLY,KITSAP WAY
4/17/17,0634,B17002573,CHILD MOLESTATION 1,RAINIER AVE
4/16/17,1611,B17200099,THEFT 3,MOUNTAIN VIEW DR
4/17/17,0739,B17002575,THEFT - OF MOTOR VEHICLE,HEFNER ST
4/17/17,0743,B17002574,SUICIDE (ATTEMPT OR THREAT),WARREN AVENUE BRG
4/17/17,0944,B17002576,TRAFFIC ACCIDENT,KITSAP WAY
4/17/17,0913,B17002577,SUSPICIOUS INCIDENT/INVESTIGATION,VENETA AVE
4/17/17,1055,B17002579,WARRANT - MISDEMEANOR,BURWELL ST
4/17/17,1055,B17002580,WARRANT - MISDEMEANOR,BURWELL ST
4/17/17,1055,B17002581,,BURWELL ST
4/17/17,1055,B17002582,WARRANT - MISDEMEANOR,BURWELL ST
4/17/17,0926,B17200100,THEFT 1ST DEGREE OTHER THAN FIREARMS,LOWER MARINE DR
4/17/17,1017,B17002578,INFORMATION ONLY,PARK AVE
4/17/17,1050,B17002583,VEHICLE PROWLING 2,PENNSYLVANIA AVE
4/17/17,1109,B17002584,FOUND PROPERTY,5TH ST / WASHINGTON AVE
4/17/17,1158,B17002586,TRAFFIC ACCIDENT,11TH ST / WARREN AVE
4/17/17,1127,B17002585,THEFT - FROM MAILBOX,ALMIRA DR
4/17/17,1227,B17002587,MENTAL INVESTIGATION,PARK AVE
4/17/17,1406,B17002588,BURGLARY 2,DIBB ST
4/17/17,1429,B17002589,SUSPICIOUS INCIDENT/INVESTIGATION,BURWELL ST
4/17/17,1517,B17002591,ASSAULT 4 -,MAGNUSON WAY
4/17/17,1515,B17002590,ASSAULT 4 -,WALNUT ST
4/17/17,1634,B17002592,THEFT 3 - MOTOR VEHICLE PARTS AND ACCESSORIES,AUTO CENTER WAY
4/17/17,1501,B17002593,MENTAL INVESTIGATION,SPRUCE AVE
4/17/17,1545,B17002594,ASSAULT 4 -,CLARE AVE
4/17/17,1728,B17002595,ASSAULT 4 -,WHEATON WAY
4/17/17,1645,B17002596,CIVIL,KITSAP DR
4/17/17,1802,B17002597,WARRANT - MISDEMEANOR,WHEATON WAY
4/17/17,1908,B17002598,VIOLATION OF PROTECTION ORDER,E PHINNEY BAY DR
4/17/17,2036,B17002599,UNWANTED SUBJECT,17TH ST
4/17/17,2024,B17002601,TRESPASS NOTICE,KITSAP WAY
4/17/17,2100,B17002600,OBSTRUCT LAW ENFORCEMENT OFFICER,ELIZABETH AVE
4/17/17,2257,B17002602,DOMESTIC VERBAL,N LAFAYETTE AVE
4/17/17,2344,B17002604,MENTAL INVESTIGATION,KITSAP WAY
4/17/17,2345,B17002605,DOMESTIC VERBAL,12TH ST
4/17/17,2322,B17002603,ASSAULT 4 - DV,S CAMBRIAN AVE
4/18/17,0244,B17002606,CRIMINAL TRESPASS 2,LYLE AVE
4/18/17,0329,B17002607,ASSAULT 4 - DV,BAY VISTA BLVD
4/18/17,0603,B17002608,SUICIDE (ATTEMPT OR THREAT),TERRACE ST
4/17/17,0748,B17002609,CHILD MOLESTATION 1,BURWELL ST
4/18/17,0852,B17002610,DEATH (NATURAL/ACCIDENTAL/SUSPICIOUS),N CALLOW AVE
4/18/17,1006,B17002612,TRESPASS NOTICE,6TH ST
4/18/17,0950,B17002611,SUICIDE (ATTEMPT OR THREAT),KITSAP WAY
4/18/17,1119,B17002614,INFORMATION ONLY,8TH ST
4/18/17,1121,B17200101,THEFT 1ST DEGREE OTHER THAN FIREARMS,6TH ST
4/18/17,1033,B17002613,WARRANT - FELONY,6TH ST
4/18/17,1133,B17002615,HARASSMENT,S OYSTER BAY AVE
4/18/17,1251,B17002616,THEFT 1,N CALLOW AVE
4/18/17,1238,B17002617,ASSAULT 4 -,9TH ST
4/18/17,1431,B17002618,INFORMATION ONLY,KELLY RD / SHAMROCK DR NW
4/18/17,1505,B17002619,THEFT 3 - SHOPLIFTING,N CALLOW AVE
4/18/17,1644,B17002620,SEX OFFENDER CONTACT,6TH ST
4/18/17,1618,B17002621,INFORMATION ONLY,BURWELL ST
4/18/17,1716,B17002622,DANGEROUS DOGS - ATTACKS CAUSE INJURY,7TH ST
4/18/17,1733,B17002625,FOUND PROPERTY,10TH ST
4/18/17,1727,B17002624,DRIVING UNDER 21 - AFTER CONSUMING ALCOHOL,HEFNER ST / OAK ST
4/18/17,1726,B17002623,WARRANT - MISDEMEANOR,11TH ST
4/18/17,1911,B17002626,FIR - FIELD INTERVIEW REPORT,BURWELL ST
4/17/17,1227,B17002627,RAPE OF CHILD 1,BURWELL ST
4/18/17,2019,B17002629,WARRANT - MISDEMEANOR,WHEATON WAY
4/18/17,2044,B17002630,PUBLIC DISTURBANCE NOISES,PERRY AVE NE
4/18/17,2134,B17002631,INFORMATION ONLY,PERRY AVE NE
4/18/17,1919,B17002628,UNLAWFUL IMPRISONMENT - DV,WRIGHT AVE
4/18/17,1959,B17002632,VIOLATION OF NO CONTACT ORDER,KITSAP WAY
4/18/17,2216,B17002633,ASSAULT 4 - DV,4TH ST
4/18/17,2302,B17002634,TRESPASS NOTICE,6TH ST
4/19/17,0358,B17002635,VUCSA-POSS - HEROIN,WARREN AVE
4/19/17,0655,B17002636,THEFT - OF MOTOR VEHICLE,PEARL ST
4/18/17,1834,B17200102,LOST PROPERTY,MCCLAIN AVE
4/18/17,2006,B17200103,HIT AND RUN - UNATTENDED PROPERTY DAMAGE,6TH / WARREN ST
4/19/17,0937,B17002637,FAILURE TO APPEAR / CONTEMPT OF COURT,BURWELL ST
4/19/17,0937,B17002638,FAILURE TO APPEAR / CONTEMPT OF COURT,BURWELL ST
4/19/17,0937,B17002639,FAILURE TO APPEAR / CONTEMPT OF COURT,BURWELL ST
4/19/17,0937,B17002640,HIT AND RUN - ATTENDED PROPERTY DAMAGE,KITSAP WAY
4/19/17,1038,B17002641,INFORMATION ONLY,JACOBSEN BLVD
4/19/17,1111,B17002643,SEX OFFENDER CONTACT,SHERIDAN RD
4/19/17,1107,B17002642,VIOLATION OF PROTECTION ORDER,BURWELL ST
4/19/17,1115,B17002644,WANTED PERSON (OTHER AGENCY WARRANT),12TH ST / WARREN AVE
4/19/17,1149,B17002645,MISSING PERSON,BURWELL ST
4/19/17,1147,B17002646,INFORMATION ONLY,CHERRY AVE / HICKORY ST
4/19/17,0919,B17200105,THEFT 2,1/2 MARINE DRIVE PL
4/19/17,0920,B17200106,MALICIOUS MISCHIEF 3,PACIFIC AVE
4/19/17,0908,B17200104,THEFT 3,LAUREL AVE
4/19/17,1140,B17002647,MENTAL INVESTIGATION,E 31ST ST / PINE RD
4/19/17,1315,B17002649,MENTAL INVESTIGATION,RUSSELL RD
4/19/17,1439,B17002650,WANTED PERSON (OTHER AGENCY WARRANT),KITSAP WAY
4/19/17,1322,B17002648,ATTEMPTING TO ELUDE PURSUING POLICE VEHICLE,6TH ST / WARREN AVE
4/19/17,1254,B17002652,HIT AND RUN - ATTENDED PROPERTY DAMAGE,16TH ST / WARREN AVE
4/19/17,1544,B17002651,BURGLARY - RESIDENTIAL,SHOREWOOD DR
4/19/17,1622,B17002653,THEFT 3 - SHOPLIFTING,N CALLOW AVE
4/19/17,1718,B17002654,INDECENT EXPOSURE,11TH ST / WARREN AVE
4/19/17,1732,B17002655,INFORMATION ONLY,S LAFAYETTE AVE / PORTER ST
4/19/17,1829,B17002657,BURGLARY 2,PACIFIC AVE
4/19/17,1815,B17002656,WANTED PERSON (OTHER AGENCY WARRANT),5TH ST
4/19/17,1911,B17002659,FALSE ALARM REPORT,KITSAP WAY
4/19/17,1856,B17002658,INFORMATION ONLY,4TH ST
4/19/17,2003,B17002660,THEFT 3,HIGH AVE
4/19/17,2138,B17002661,WELFARE CHECK,GILLETTE AVE
4/19/17,2234,B17002662,VERBAL DISPUTE,HEWITT AVE
4/19/17,2242,B17002663,VEHICLE PROWLING 2,LEBO BLVD
4/19/17,2352,B17002664,ASSAULT 4 - DV,WHEATON WAY
4/20/17,0313,B17002665,VERBAL DISPUTE,PARK AVE
4/20/17,0617,B17002666,HARASSMENT,CARVER ST
4/20/17,0758,B17002667,USE OF DRUG PARAPHERNALIA,13TH ST
4/20/17,0631,B17200107,MALICIOUS MISCHIEF 3,SOLIE AVE
4/20/17,0827,B17002669,DISORDERLY CONDUCT,6TH ST
4/20/17,0654,B17002668,UNLAWFUL POSSESSION OF FIREARM 2,E HOPE ST
4/20/17,0912,B17002670,DWLS/R 3,KITSAP WAY
4/19/17,1058,B17200108,THEFT - IDENTITY,534A MORRISON CT
4/20/17,1126,B17002671,THEFT 3,AUTO CENTER WAY
4/20/17,1138,B17002672,THEFT 3 - SHOPLIFTING,BURWELL ST
4/20/17,1139,B17002673,VUCSA-POSS - HEROIN,IVY RD
4/20/17,1302,B17002674,WANTED PERSON (OTHER AGENCY WARRANT),ALMIRA DR / HOLLIS ST
4/20/17,1335,B17002675,FAILURE TO APPEAR / CONTEMPT OF COURT,BURWELL ST
4/20/17,1335,B17002676,FAILURE TO APPEAR / CONTEMPT OF COURT,BURWELL ST
4/20/17,1319,B17002678,MALICIOUS MISCHIEF 3 - DV,N NATIONAL AVE
4/20/17,1350,B17002679,TRAFFIC ACCIDENT - INJURY,PARKSIDE PL / WHEATON WAY
4/20/17,1353,B17002680,AGENCY ASSIST,SEABECK HOLLY RD NW
4/20/17,1336,B17002677,DWLS/R 3,PARKSIDE PL / WHEATON WAY
4/20/17,1516,B17002681,ASSAULT 4 -,5TH ST
4/20/17,1530,B17002682,ASSAULT 3,CHERRY AVE
4/20/17,1412,B17002683,NEIGHBOR DISPUTE,9TH ST
4/20/17,1655,B17002684,THEFT 3,KITSAP WAY
4/20/17,1545,B17002685,VUCSA-POSS - MARIJUANA 40 GRAMS OR LESS,MCKENZIE AVE
4/20/17,1733,B17002686,INFORMATION ONLY,COONTZ ST
4/20/17,1903,B17002687,,AUSTIN DR / KITSAP WAY
4/20/17,1946,B17002688,MALICIOUS MISCHIEF 3 - DV,WHEATON WAY
4/20/17,2051,B17002689,VEHICLE PROWLING 2,HEWITT AVE
4/20/17,2310,B17002690,CRIMINAL TRESPASS 2,MARINE DR
4/21/17,0226,B17002691,CRIMINAL TRESPASS 1,BAY VISTA BLVD
4/21/17,0325,B17002692,VEHICLE PROWLING 2,NEW HOPE CIR
4/21/17,0335,B17002693,WELFARE CHECK,IVY RD
4/21/17,0347,B17002694,ASSAULT 3 - LAW ENFORCEMENT OFFICER,E 30TH ST
4/21/17,0928,B17002696,FAILURE TO APPEAR / CONTEMPT OF COURT,BURWELL ST
4/21/17,1001,B17002697,FOUND PROPERTY,E 30TH ST
4/21/17,0909,B17002698,MALICIOUS MISCHIEF 2 -,PACIFIC AVE
4/21/17,0756,B17002695,DRIVING UNDER THE INFLUENCE/LIQUOR OR DRUGS,MARINE DR / MARINE VIEW PL
4/21/17,1000,B17002699,WARRANT - FELONY,PARK AVE
4/21/17,1205,B17002701,CRIMINAL TRESPASS 2,PERRY AVE NE
4/21/17,1147,B17002700,DOMESTIC VERBAL,WASHINGTON AVE
4/21/17,1254,B17002702,ASSAULT 3,RICKEY RD NE
4/21/17,1356,B17002703,SUSPICIOUS INCIDENT/INVESTIGATION,WEST HILLS BLVD
4/21/17,1551,B17002704,HARASSMENT,WASHINGTON AVE
4/21/17,1520,B17002705,RUNAWAY,MCKENZIE AVE
4/21/17,1719,B17002706,TRAFFIC ACCIDENT,N CALLOW AVE / CHARLESTON BLVD
4/21/17,1750,B17002707,CANCELLED CASE NUMBER,15TH ST
4/21/17,1815,B17002709,ASSAULT 4 -,6TH ST
4/21/17,1749,B17002708,ASSAULT 4 -,CHERRY AVE
4/21/17,1903,B17002710,THEFT 3,12TH ST
4/21/17,2024,B17002711,MENTAL INVESTIGATION,CHERRY AVE
4/21/17,2044,B17002712,THEFT 3 - SHOPLIFTING,KITSAP WAY
4/21/17,2029,B17002713,FORGERY,WHEATON WAY
4/21/17,2133,B17002714,THEFT 3 - SHOPLIFTING,KITSAP WAY
4/21/17,2137,B17002715,BURGLARY - RESIDENTIAL,N CHARLESTON AVE
4/21/17,2201,B17002716,HARASSMENT,CHERRY AVE
4/21/17,2246,B17002717,UNLAWFUL FACTORING - CREDIT PMT CARD TRANS,NAVAL AVE
4/21/17,2241,B17002718,DOMESTIC VERBAL,SPRUCE PL
4/21/17,2316,B17002719,FORGERY,KITSAP WAY
4/22/17,0214,B17002720,THEFT - OF MOTOR VEHICLE,N CHARLESTON AVE
4/21/17,2055,B17002721,SEX OFFENDER CONTACT,HEWITT AVE
4/22/17,0505,B17002722,SEX OFFENDER CONTACT,WHEATON WAY
4/22/17,0723,B17002723,AGENCY ASSIST,CASCADE VW
4/22/17,0847,B17002724,DOMESTIC VERBAL,HARLOW DR
4/22/17,0957,B17002725,CRIMINAL TRESPASS 2,19TH ST
4/22/17,1208,B17002727,FALSE ALARM REPORT,PEARL ST
4/22/17,1102,B17002726,FOUND PROPERTY,4TH ST
4/22/17,1222,B17002728,THEFT - OF MOTOR VEHICLE,SPRUCE AVE
4/22/17,1247,B17002729,HIT AND RUN - UNATTENDED PROPERTY DAMAGE,HALVERSON AVE
4/22/17,1526,B17002730,WANTED PERSON (OTHER AGENCY WARRANT),9TH ST
4/22/17,1634,B17002731,"VUCSA-POSS - AMPHET, METHAMPHET",ARVON AVE
4/22/17,1745,B17002732,THEFT 2,HEWITT AVE
4/22/17,1955,B17002735,THEFT 3,PACIFIC AVE
4/22/17,1914,B17002734,RUNAWAY,PINE RD
4/22/17,2027,B17002736,THEFT 3,N CALLOW AVE
4/22/17,2044,B17002737,THEFT 3 - SHOPLIFTING,SCOTT AVE
4/22/17,1845,B17002733,VUCSA-POSS - HEROIN,KITSAP WAY / MORGAN RD NW
4/23/17,0444,B17002738,HIT AND RUN - UNATTENDED PROPERTY DAMAGE,TRENTON AVE NE
4/23/17,0716,B17002739,SWITCHED PLATES/ALTERED LICENSE PLATES,WHEATON WAY
4/23/17,0759,B17002740,BURGLARY 2,NOME DR
4/23/17,0852,B17002741,WANTED PERSON (OTHER AGENCY WARRANT),6TH ST / N WYCOFF AVE
4/23/17,0905,B17002742,DOMESTIC VERBAL,10TH ST
4/23/17,1000,B17002743,PUBLIC DISTURBANCE NOISES,PERRY AVE NE
4/23/17,1147,B17002744,VIOLATION OF LEGEND DRUG ACT - POSSESSION,HEWITT AVE
4/23/17,1155,B17002746,WELFARE CHECK,HEFNER ST
4/23/17,1254,B17002745,THEFT 3 - SHOPLIFTING,WASHINGTON AVE
4/23/17,1525,B17002747,TRAFFIC ACCIDENT,6TH ST / NAVAL AVE
4/23/17,1644,B17002748,THEFT 3,PACIFIC AVE
4/23/17,1658,B17002749,THEFT - FROM MOTOR VEHICLES,MAGNUSON CT
4/23/17,1841,B17002750,DRIVING UNDER THE INFLUENCE/LIQUOR OR DRUGS,PERRY AVE NE / SHERIDAN RD
4/23/17,2107,B17002751,SKATEBOARDS - RESTRICTIONS,PACIFIC AVE
4/23/17,2146,B17002752,VEHICLE PROWLING 2,HOLLIS ST
4/23/17,2340,B17002753,DOMESTIC VERBAL,HEWITT AVE
4/24/17,0053,B17002754,TRAFFIC ACCIDENT,11TH ST / N CALLOW AVE
4/24/17,0240,B17002755,DISORDERLY CONDUCT,PACIFIC AVE
4/24/17,0621,B17002756,BURGLARY 2,N CALLOW AVE
4/24/17,0733,B17002757,SEX OFFENSE,BRYAN AVE
4/24/17,0928,B17002758,FAILURE TO APPEAR / CONTEMPT OF COURT,BURWELL ST
4/24/17,0928,B17002759,FAILURE TO APPEAR / CONTEMPT OF COURT,BURWELL ST
4/24/17,0928,B17002760,FAILURE TO APPEAR / CONTEMPT OF COURT,BURWELL ST
4/24/17,0956,B17002762,FOUND PROPERTY,BURWELL ST
4/24/17,1015,B17002763,RAPE 2,NAVAL AVE
4/24/17,0842,B17200109,THEFT 3,HOLLIS ST
4/24/17,0942,B17002764,SUSPICIOUS INCIDENT/INVESTIGATION,MAGNUSON WAY
4/24/17,0852,B17002761,SUSPICIOUS INCIDENT/INVESTIGATION,KITSAP WAY
4/24/17,1043,B17002765,WARRANT - FELONY,CARRIER ST
4/24/17,1334,B17002766,INFORMATION ONLY,KITSAP WAY
4/24/17,1403,B17002767,ASSAULT OF A CHILD 3 - DV,PORTER ST
4/24/17,1540,B17002768,AGENCY ASSIST,SILVERDALE WAY NW / NW WAAGA WAY
4/24/17,1646,B17002770,,BURWELL ST
4/24/17,1613,B17002769,SUSPICIOUS INCIDENT/INVESTIGATION,BLK OF N CAMBRIAN AVE
4/24/17,1650,B17002771,SUSPICIOUS INCIDENT/INVESTIGATION,N CAMBRIAN AVE
4/24/17,1623,B17002773,SUICIDE (ATTEMPT OR THREAT),CALLAHAN DR
4/24/17,1647,B17002774,INFORMATION ONLY,17TH ST
4/24/17,1732,B17002776,ASSAULT 4 - DV,SYLVAN WAY
4/24/17,2008,B17002777,TRESPASS NOTICE,6TH ST
4/24/17,1605,B17002772,THEFT - OF MOTOR VEHICLE,KITSAP WAY
4/24/17,1726,B17002775,BURGLARY - RESIDENTIAL,12TH ST
4/24/17,1732,B17002778,SEX OFFENDER CONTACT,SYLVAN WAY AND SPRUCE AVE
4/24/17,2152,B17002780,SUSPICIOUS INCIDENT/INVESTIGATION,SCOTT AVE
4/24/17,2055,B17002779,HIT AND RUN - UNATTENDED PROPERTY DAMAGE,EAGLE AVE
4/24/17,2225,B17002781,THEFT 3 - SHOPLIFTING,KITSAP WAY
4/24/17,2240,B17002782,RECKLESS DRIVING - INCLUDES RACING,WHEATON WAY
4/25/17,0012,B17002783,ASSAULT 2 - DV,S LAFAYETTE AVE
4/25/17,0316,B17002784,THEFT - FROM MOTOR VEHICLES,DORA AVE
4/25/17,0543,B17002785,THEFT - OF MOTOR VEHICLE,SHOREWOOD DR
4/25/17,0837,B17002786,WARRANT - FELONY,ALMIRA DR
4/25/17,0933,B17002788,ASSAULT 4 -,24TH ST
4/25/17,0750,B17002787,SEX OFFENSE,E PHINNEY BAY PL
4/25/17,0903,B17002791,INFORMATION ONLY,N WYCOFF AVE
4/25/17,0938,B17002792,CANCELLED CASE NUMBER,SPRUCE AVE
4/25/17,0917,B17002789,WANTED PERSON (OTHER AGENCY WARRANT),6TH ST / HEWITT AVE
4/25/17,0917,B17002790,SEX OFFENDER CONTACT,6TH ST / HEWITT AVE
4/25/17,0953,B17002793,MENTAL INVESTIGATION,ALMIRA DR
4/25/17,1110,B17002794,DWLS/R 3,WHEATON WAY
4/25/17,1257,B17002795,FAILURE TO APPEAR / CONTEMPT OF COURT,BURWELL ST
4/25/17,1257,B17002796,FAILURE TO APPEAR / CONTEMPT OF COURT,BURWELL ST
4/25/17,1257,B17002797,FAILURE TO APPEAR / CONTEMPT OF COURT,BURWELL ST
4/25/17,1236,B17002799,VIOLATION OF NO CONTACT ORDER,N MONTGOMERY AVE
4/25/17,1250,B17002798,USE OF DRUG PARAPHERNALIA,6TH ST
4/25/17,1250,B17002800,FORGERY,KITSAP WAY
4/25/17,1307,B17002801,VEHICLE PROWLING 2,HARLOW DR
4/25/17,1324,B17002802,BURGLARY - RESIDENTIAL,POINDEXTER AVE
4/25/17,1425,B17002805,VIOLATION OF NO CONTACT ORDER - WITH ASSAULT,11TH ST
4/25/17,1541,B17002804,TRAFFIC ACCIDENT - INJURY,KITSAP WAY
4/25/17,1459,B17002806,SUSPICIOUS INCIDENT/INVESTIGATION,15TH ST
4/25/17,1536,B17002807,TRAFFIC ACCIDENT,18TH ST / WARREN AVE
4/25/17,1524,B17002803,VUCSA-POSS - HEROIN,15TH ST / N CALLOW AVE
4/25/17,1539,B17002808,WELFARE CHECK,COGEAN AVE
4/25/17,1658,B17002810,SUSPICIOUS INCIDENT/INVESTIGATION,6TH ST
4/25/17,1702,B17002811,FAILURE TO APPEAR / CONTEMPT OF COURT,BURWELL ST
4/25/17,1611,B17002809,INFORMATION ONLY,6TH ST
4/25/17,1654,B17002812,WARRANT - MISDEMEANOR,N NATIONAL AVE
4/25/17,1712,B17002813,MENTAL INVESTIGATION,SHERIDAN RD / WARREN AVE
4/25/17,1905,B17002814,THEFT 3,BLK OF 6TH ST
4/25/17,2158,B17002816,ASSAULT 4 -,KITSAP WAY
4/25/17,2130,B17002815,WARRANT - FELONY,CHESTER AVE
4/26/17,0015,B17002817,MALICIOUS MISCHIEF 3 - DV,N CALLOW AVE
4/26/17,0106,B17002818,ASSAULT 4 - DV,E 18TH ST
4/26/17,0128,B17002820,FALSE REPORTING,4TH ST
4/26/17,0125,B17002819,DRIVING UNDER THE INFLUENCE/LIQUOR OR DRUGS,PARK AVE
4/26/17,0923,B17002821,BURGLARY - RESIDENTIAL,14TH ST
4/26/17,0949,B17002822,FOUND PROPERTY,6TH ST / NAVAL AVE
4/26/17,1009,B17002823,THEFT - FROM MOTOR VEHICLES,MAGNUSON CT
4/26/17,1016,B17002824,THEFT 2,LEBO BLVD
4/26/17,1155,B17002825,DEATH (NATURAL/ACCIDENTAL/SUSPICIOUS),N CAMBRIAN AVE
4/26/17,1310,B17002827,TRAFFIC ACCIDENT - INJURY,BURWELL ST / RAINIER AVE
4/26/17,1346,B17002828,CANCELLED CASE NUMBER,WARREN AVE
4/26/17,1300,B17002826,TRAFFIC ACCIDENT - INJURY,11TH ST / KITSAP WAY
4/26/17,1457,B17002829,WARRANT - MISDEMEANOR,RICKEY RD
4/26/17,1506,B17002830,ASSAULT 4 - DV,PERRY AVE NE
4/26/17,1843,B17002831,VUCSA-DLVR - HEROIN,BURWELL ST
4/26/17,1901,B17002833,INFORMATION ONLY,KITSAP WAY
4/26/17,1901,B17002832,RUNAWAY,BURWELL ST
4/26/17,1912,B17002834,CHILD ABANDONMENT / NEGLECT,SCHLEY BLVD / WHEATON WAY
4/26/17,2100,B17002836,SEX OFFENDER CONTACT,6TH ST / PENNSYLVANIA AVE
4/26/17,2015,B17002835,CANCELLED CASE NUMBER,PINE RD
4/26/17,2100,B17002837,"VUCSA-POSS - AMPHET, METHAMPHET",WARREN AVE
4/26/17,2219,B17002838,FORGERY,GREGORY WAY
4/26/17,2228,B17002839,VIOLATION OF NO CONTACT ORDER,KITSAP WAY
4/26/17,2241,B17002840,CHILD ABANDONMENT / NEGLECT,11TH ST
4/26/17,2312,B17002841,VIOLATION OF NO CONTACT ORDER,PETERS ST
4/26/17,2356,B17002842,TRESPASS NOTICE,BURWELL ST
4/27/17,0833,B17002843,FAILURE TO APPEAR / CONTEMPT OF COURT,BURWELL ST
4/27/17,0833,B17002844,FAILURE TO APPEAR / CONTEMPT OF COURT,BURWELL ST
4/27/17,0833,B17002845,FAILURE TO APPEAR / CONTEMPT OF COURT,BURWELL ST
4/27/17,0902,B17002846,INFORMATION ONLY,CLARE AVE
4/27/17,0915,B17002847,MENTAL INVESTIGATION,PARK AVE
4/27/17,0826,B17002848,ASSAULT 4 -,PERRY AVE
4/27/17,0944,B17002849,INFORMATION ONLY,S OYSTER BAY AVE
4/27/17,1016,B17002851,INFORMATION ONLY,NORTHLAKE WAY NW
4/27/17,0931,B17002850,SUICIDE (ATTEMPT OR THREAT),19TH ST
4/27/17,1006,B17002852,ASSAULT 4 -,OLYMPIC AVE
4/27/17,1400,B17002854,SEX OFFENDER CONTACT,CHESTER AVE
4/27/17,1205,B17002853,POSSESSION OF A STOLEN MOTOR VEHICLE,12TH ST
4/25/17,0911,B17200110,MALICIOUS MISCHIEF 3,BRUENN AVE
4/27/17,1455,B17002855,ABANDONED AND/OR VEHICLE IMPOUNDED,KITSAP WAY
4/27/17,1415,B17002856,WARRANT - FELONY,PERRY AVE NE
4/27/17,1613,B17002857,,WHEATON WAY
4/27/17,1730,B17002861,THEFT 1 - BICYCLES,WASHINGTON AVE
4/27/17,1603,B17002858,THEFT 3 - SHOPLIFTING,N CALLOW AVE
4/27/17,1638,B17002860,WARRANT - MISDEMEANOR,PARK AVE
4/27/17,1729,B17002862,INFORMATION ONLY,WALNUT ST
4/27/17,1657,B17002859,ASSAULT 4 - DV,MANETTE BRG
4/27/17,1832,B17002863,THEFT - FROM MOTOR VEHICLES,PACIFIC AVE
4/27/17,1803,B17002864,INFORMATION ONLY,CARR BLVD
4/27/17,2112,B17002865,DOMESTIC VERBAL,11TH ST / PACIFIC AVE
4/27/17,2156,B17002866,ASSAULT 4 - DV,CHERRY AVE
4/27/17,2247,B17002867,ASSAULT 2 - DV,12TH ST
4/28/17,0012,B17002868,NARCOTICS K9 APPLICATION,N CALLOW AVE
4/28/17,0234,B17002869,VEHICLE PROWLING 2,WHEATON WAY
4/28/17,0218,B17002870,KIDNAPING 1,OAK ST
4/28/17,0637,B17002871,REGISTERED SEX OFFENDER (KCSO),FITZ DR
4/28/17,0557,B17002872,VIOLATION OF NO CONTACT ORDER,MAGNUSON WAY
4/28/17,0809,B17002873,SUSPICIOUS INCIDENT/INVESTIGATION,ANDERSON HILL RD SW
4/28/17,0842,B17002874,ASSAULT 4 - DV,HIGHLAND AVE
4/28/17,0939,B17002875,SUSPICIOUS INCIDENT/INVESTIGATION,BLEDSOE AVE
4/28/17,1002,B17002876,DOMESTIC VERBAL,WHEATON WAY
4/28/17,1149,B17002877,MALICIOUS MISCHIEF 3,PARK AVE
4/28/17,1227,B17002878,MALICIOUS MISCHIEF 3,CHESTER
4/28/17,1450,B17002879,THEFT 3 - SHOPLIFTING,N CALLOW AVE
4/27/17,1901,B17200111,THEFT 3,7TH ST
4/28/17,1725,B17002880,BURGLARY - RESIDENTIAL,WASHINGTON AVE
4/28/17,1741,B17002881,VEHICLE PROWLING 2,WEST HILLS BLVD
4/28/17,1747,B17002882,HARASSMENT,WARREN AVE
4/28/17,1818,B17002884,INFORMATION ONLY,SHORE DR
4/28/17,1827,B17002883,TRAFFIC ACCIDENT,WEST HILLS BLVD
4/28/17,1851,B17002885,SUSPICIOUS INCIDENT/INVESTIGATION,BURWELL ST / N CALLOW AVE
4/28/17,1857,B17002886,INFORMATION ONLY,ADELE AVE / KITSAP WAY
4/28/17,2010,B17002888,DWLS/R 3,PENNIE LN / PINE RD
4/28/17,1959,B17002887,THEFT 3,N CALLOW AVE
4/28/17,2049,B17002889,CIVIL,MAGNUSON WAY
4/28/17,2239,B17002890,DRIVING UNDER THE INFLUENCE/LIQUOR OR DRUGS,TERRACE ST
4/29/17,0005,B17002893,CANCELLED CASE NUMBER,N CALLOW AVE
4/28/17,2327,B17002892,ASSAULT 4 - DV,OLYMPIC AVE
4/28/17,2330,B17002891,BURGLARY 2,N CALLOW AVE
4/29/17,0225,B17002894,VEHICLE PROWLING 2,107 1 / 2 S CAMBRIAN AVE
4/29/17,0507,B17002895,DOMESTIC VERBAL,WENCKER CIR
4/29/17,0729,B17002896,FALSE OR MISLEADING STATEMNT TO A PUBLIC SERVANT,5TH ST
4/29/17,0752,B17002897,AGENCY ASSIST,BURWELL ST
4/29/17,0840,B17002898,MENTAL INVESTIGATION,24TH ST
4/29/17,1146,B17002899,DEATH (NATURAL/ACCIDENTAL/SUSPICIOUS),N CAMBRIAN AVE
4/29/17,1349,B17002900,"VUCSA-POSS - AMPHET, METHAMPHET",PACIFIC AVE
4/29/17,1519,B17002901,BURGLARY - RESIDENTIAL,N MONTGOMERY AVE
4/29/17,1706,B17002902,FALSE ALARM REPORT,6TH ST
4/29/17,1709,B17002903,THEFT 3,S LAFAYETTE AVE
4/29/17,1709,B17002904,SEX OFFENDER CONTACT MADE,S LAFAYETTE AVE
4/29/17,1816,B17002905,SUSPICIOUS INCIDENT/INVESTIGATION,HARKINS ST
4/29/17,1603,B17002906,INFORMATION ONLY,THOMPSON DR
4/29/17,1858,B17002907,NEIGHBOR DISPUTE,LEBO BLVD
4/29/17,1941,B17002908,SUICIDE (ATTEMPT OR THREAT),LANSING AVE
4/29/17,2005,B17002909,SEX OFFENSE,WALNUT ST
4/29/17,2120,B17002910,MINOR IN POSSESSION/CONSUMPTION OF ALCOHOL,PACIFIC AVE
4/29/17,2249,B17002911,UNAUTHORIZED CAMPING,WARREN AVE
4/29/17,2327,B17002912,USE OF DRUG PARAPHERNALIA,BROADWAY AVE
4/30/17,0740,B17002913,TRESPASS NOTICE,WARREN AVE
4/30/17,0758,B17002914,POSSESSING STOLEN PROPERTY 1,9TH ST / HIGH AVE
4/30/17,1044,B17002915,VUCSA-POSS - HEROIN,ALMIRA DR
4/30/17,1250,B17002916,INFORMATION ONLY,BARNES ST W
4/30/17,1313,B17002917,CANCELLED CASE NUMBER,8TH ST / WARREN AVE
4/30/17,1500,B17002919,MALICIOUS MISCHIEF 3,7TH ST
4/30/17,1525,B17002920,ASSAULT 4 -,SCHLEY BLVD / WHEATON WAY
4/30/17,1309,B17002918,VIOLATION OF NO CONTACT ORDER,LEBO BLVD
4/30/17,1518,B17002921,MENTAL INVESTIGATION,SCHLEY BLVD
4/30/17,1732,B17002923,FOUND PROPERTY,15TH ST / SNYDER AVE
4/30/17,1551,B17002924,HIT AND RUN - UNATTENDED PROPERTY DAMAGE,4TH ST
4/30/17,1737,B17002925,MALICIOUS MISCHIEF 3,MAPLE ST
4/30/17,1829,B17002926,ASSAULT 4 -,6TH ST
4/30/17,1921,B17002927,DOMESTIC VERBAL,WALNUT ST
4/30/17,1615,B17002922,POSSESSION OF A STOLEN MOTOR VEHICLE,SW BARNEY WHITE RD / STATE HWY 3 SW
4/30/17,1949,B17002928,VEHICLE PROWLING 2,HIGH AVE
4/30/17,2005,B17002929,CHILD ABANDONMENT / NEGLECT,SHERIDAN RD / WHEATON WAY
4/30/17,2049,B17002930,HIT AND RUN - UNATTENDED PROPERTY DAMAGE,8TH ST
4/30/17,2112,B17002933,SUSPICIOUS INCIDENT/INVESTIGATION,S CAMBRIAN AVE / CHARLESTON BLVD
4/30/17,2114,B17002932,MALICIOUS MISCHIEF 2 -,WHEATON WAY
4/30/17,2328,B17002934,CRIMINAL TRESPASS 1,WILBERT AVE
4/30/17,2100,B17002931,THEFT OF FIREARM,N CAMBRIAN AVE
4/28/17,1708,B17200112,THEFT 3,NE PINE RD
4/28/17,1916,B17200113,THEFT 2,SHOREWOOD DR
4/29/17,0008,B17200114,HIT AND RUN - UNATTENDED PROPERTY DAMAGE,11TH ST
